dataset,run,start,stop
pod_10,1,2026-02-21 08:52:36,2026-02-21 10:02:36
pod_20,1,2026-02-20 14:08:24,2026-02-20 15:18:25
pod_20,2,2026-02-20 15:26:45,2026-02-20 16:36:46
pod_20,3,2026-02-20 16:45:06,2026-02-20 17:55:07
pod_20,4,2026-02-20 18:03:27,2026-02-20 19:13:28
pod_20,5,2026-02-20 19:21:48,2026-02-20 20:31:49
pod_20,6,2026-02-20 20:40:09,2026-02-20 21:50:10
pod_20,7,2026-02-20 21:58:30,2026-02-20 23:08:31
pod_20,8,2026-02-20 23:16:51,2026-02-21 00:26:52
pod_20,9,2026-02-21 00:35:12,2026-02-21 01:45:12
pod_20,10,2026-02-21 01:53:32,2026-02-21 03:03:34