,result,table,_start,_stop,_time,_value,_field,_measurement,deployment,namespace
,mean,0,2026-02-24T03:59:57Z,2026-02-24T05:09:58Z,2026-02-24T04:00:00Z,6.420135498046875,memory,monitoring_cluster,hpa-flask-app,default
,mean,0,2026-02-24T03:59:57Z,2026-02-24T05:09:58Z,2026-02-24T04:00:10Z,6.418100992838542,memory,monitoring_cluster,hpa-flask-app,default
,mean,0,2026-02-24T03:59:57Z,2026-02-24T05:09:58Z,2026-02-24T04:00:20Z,6.415557861328125,memory,monitoring_cluster,hpa-flask-app,default
,mean,0,2026-02-24T03:59:57Z,2026-02-24T05:09:58Z,2026-02-24T04:00:30Z,6.45692613389757,memory,monitoring_cluster,hpa-flask-app,default
,mean,0,2026-02-24T03:59:57Z,2026-02-24T05:09:58Z,2026-02-24T04:00:40Z,6.441413031684028,memory,monitoring_cluster,hpa-flask-app,default
,mean,0,2026-02-24T03:59:57Z,2026-02-24T05:09:58Z,2026-02-24T04:00:50Z,6.415557861328125,memory,monitoring_cluster,hpa-flask-app,default
,mean,0,2026-02-24T03:59:57Z,2026-02-24T05:09:58Z,2026-02-24T04:01:00Z,6.489223904079861,memory,monitoring_cluster,hpa-flask-app,default
,mean,0,2026-02-24T03:59:57Z,2026-02-24T05:09:58Z,2026-02-24T04:01:10Z,6.5215615665211395,memory,monitoring_cluster,hpa-flask-app,default
,mean,0,2026-02-24T03:59:57Z,2026-02-24T05:09:58Z,2026-02-24T04:01:20Z,6.412506103515625,memory,monitoring_cluster,hpa-flask-app,default
,mean,0,2026-02-24T03:59:57Z,2026-02-24T05:09:58Z,2026-02-24T04:01:30Z,6.459180046530331,memory,monitoring_cluster,hpa-flask-app,default
,mean,0,2026-02-24T03:59:57Z,2026-02-24T05:09:58Z,2026-02-24T04:01:40Z,6.4434051513671875,memory,monitoring_cluster,hpa-flask-app,default
,mean,0,2026-02-24T03:59:57Z,2026-02-24T05:09:58Z,2026-02-24T04:01:50Z,6.423695882161458,memory,monitoring_cluster,hpa-flask-app,default
,mean,0,2026-02-24T03:59:57Z,2026-02-24T05:09:58Z,2026-02-24T04:02:00Z,6.45751953125,memory,monitoring_cluster,hpa-flask-app,default
,mean,0,2026-02-24T03:59:57Z,2026-02-24T05:09:58Z,2026-02-24T04:02:10Z,6.470743815104167,memory,monitoring_cluster,hpa-flask-app,default
,mean,0,2026-02-24T03:59:57Z,2026-02-24T05:09:58Z,2026-02-24T04:02:20Z,6.475830078125,memory,monitoring_cluster,hpa-flask-app,default
,mean,0,2026-02-24T03:59:57Z,2026-02-24T05:09:58Z,2026-02-24T04:02:30Z,22.197129991319443,memory,monitoring_cluster,hpa-flask-app,default
,mean,0,2026-02-24T03:59:57Z,2026-02-24T05:09:58Z,2026-02-24T04:02:40Z,31.985304090711807,memory,monitoring_cluster,hpa-flask-app,default
,mean,0,2026-02-24T03:59:57Z,2026-02-24T05:09:58Z,2026-02-24T04:02:50Z,41.764068603515625,memory,monitoring_cluster,hpa-flask-app,default
,mean,0,2026-02-24T03:59:57Z,2026-02-24T05:09:58Z,2026-02-24T04:03:00Z,52.24719577365451,memory,monitoring_cluster,hpa-flask-app,default
,mean,0,2026-02-24T03:59:57Z,2026-02-24T05:09:58Z,2026-02-24T04:03:10Z,55.623536951401654,memory,monitoring_cluster,hpa-flask-app,default
,mean,0,2026-02-24T03:59:57Z,2026-02-24T05:09:58Z,2026-02-24T04:03:20Z,71.1181640625,memory,monitoring_cluster,hpa-flask-app,default
,mean,0,2026-02-24T03:59:57Z,2026-02-24T05:09:58Z,2026-02-24T04:03:30Z,82.21722771139706,memory,monitoring_cluster,hpa-flask-app,default
,mean,0,2026-02-24T03:59:57Z,2026-02-24T05:09:58Z,2026-02-24T04:03:40Z,82.89769490559895,memory,monitoring_cluster,hpa-flask-app,default
,mean,0,2026-02-24T03:59:57Z,2026-02-24T05:09:58Z,2026-02-24T04:03:50Z,82.91108873155382,memory,monitoring_cluster,hpa-flask-app,default
,mean,0,2026-02-24T03:59:57Z,2026-02-24T05:09:58Z,2026-02-24T04:04:00Z,82.97576904296875,memory,monitoring_cluster,hpa-flask-app,default
,mean,0,2026-02-24T03:59:57Z,2026-02-24T05:09:58Z,2026-02-24T04:04:10Z,75.18581814236111,memory,monitoring_cluster,hpa-flask-app,default
,mean,0,2026-02-24T03:59:57Z,2026-02-24T05:09:58Z,2026-02-24T04:04:20Z,12.8662109375,memory,monitoring_cluster,hpa-flask-app,default
,mean,0,2026-02-24T03:59:57Z,2026-02-24T05:09:58Z,2026-02-24T04:04:30Z,23.601404825846355,memory,monitoring_cluster,hpa-flask-app,default
,mean,0,2026-02-24T03:59:57Z,2026-02-24T05:09:58Z,2026-02-24T04:04:40Z,30.432891845703125,memory,monitoring_cluster,hpa-flask-app,default
,mean,0,2026-02-24T03:59:57Z,2026-02-24T05:09:58Z,2026-02-24T04:04:50Z,39.51543172200521,memory,monitoring_cluster,hpa-flask-app,default
,mean,0,2026-02-24T03:59:57Z,2026-02-24T05:09:58Z,2026-02-24T04:05:00Z,49.2760976155599,memory,monitoring_cluster,hpa-flask-app,default
,mean,0,2026-02-24T03:59:57Z,2026-02-24T05:09:58Z,2026-02-24T04:05:10Z,58.66802439970129,memory,monitoring_cluster,hpa-flask-app,default
,mean,0,2026-02-24T03:59:57Z,2026-02-24T05:09:58Z,2026-02-24T04:05:20Z,75.34027099609375,memory,monitoring_cluster,hpa-flask-app,default
,mean,0,2026-02-24T03:59:57Z,2026-02-24T05:09:58Z,2026-02-24T04:05:30Z,83.15582275390625,memory,monitoring_cluster,hpa-flask-app,default
,mean,0,2026-02-24T03:59:57Z,2026-02-24T05:09:58Z,2026-02-24T04:05:40Z,76.38367546929254,memory,monitoring_cluster,hpa-flask-app,default
,mean,0,2026-02-24T03:59:57Z,2026-02-24T05:09:58Z,2026-02-24T04:05:50Z,75.03527473000919,memory,monitoring_cluster,hpa-flask-app,default
,mean,0,2026-02-24T03:59:57Z,2026-02-24T05:09:58Z,2026-02-24T04:06:00Z,83.29620361328125,memory,monitoring_cluster,hpa-flask-app,default
,mean,0,2026-02-24T03:59:57Z,2026-02-24T05:09:58Z,2026-02-24T04:06:10Z,82.34157986111111,memory,monitoring_cluster,hpa-flask-app,default
,mean,0,2026-02-24T03:59:57Z,2026-02-24T05:09:58Z,2026-02-24T04:06:20Z,75.39810180664062,memory,monitoring_cluster,hpa-flask-app,default
,mean,0,2026-02-24T03:59:57Z,2026-02-24T05:09:58Z,2026-02-24T04:06:30Z,75.52694532606337,memory,monitoring_cluster,hpa-flask-app,default
,mean,0,2026-02-24T03:59:57Z,2026-02-24T05:09:58Z,2026-02-24T04:06:40Z,75.60937769272748,memory,monitoring_cluster,hpa-flask-app,default
,mean,0,2026-02-24T03:59:57Z,2026-02-24T05:09:58Z,2026-02-24T04:06:50Z,72.92143079969618,memory,monitoring_cluster,hpa-flask-app,default
,mean,0,2026-02-24T03:59:57Z,2026-02-24T05:09:58Z,2026-02-24T04:07:00Z,70.23231506347656,memory,monitoring_cluster,hpa-flask-app,default
,mean,0,2026-02-24T03:59:57Z,2026-02-24T05:09:58Z,2026-02-24T04:07:10Z,58.88866424560547,memory,monitoring_cluster,hpa-flask-app,default
,mean,0,2026-02-24T03:59:57Z,2026-02-24T05:09:58Z,2026-02-24T04:07:20Z,72.11360931396484,memory,monitoring_cluster,hpa-flask-app,default
,mean,0,2026-02-24T03:59:57Z,2026-02-24T05:09:58Z,2026-02-24T04:07:30Z,51.714333926930145,memory,monitoring_cluster,hpa-flask-app,default
,mean,0,2026-02-24T03:59:57Z,2026-02-24T05:09:58Z,2026-02-24T04:07:40Z,65.42727152506511,memory,monitoring_cluster,hpa-flask-app,default
,mean,0,2026-02-24T03:59:57Z,2026-02-24T05:09:58Z,2026-02-24T04:07:50Z,75.718994140625,memory,monitoring_cluster,hpa-flask-app,default
,mean,0,2026-02-24T03:59:57Z,2026-02-24T05:09:58Z,2026-02-24T04:08:00Z,70.73282877604167,memory,monitoring_cluster,hpa-flask-app,default
,mean,0,2026-02-24T03:59:57Z,2026-02-24T05:09:58Z,2026-02-24T04:08:10Z,72.05926259358723,memory,monitoring_cluster,hpa-flask-app,default
,mean,0,2026-02-24T03:59:57Z,2026-02-24T05:09:58Z,2026-02-24T04:08:20Z,81.42921447753906,memory,monitoring_cluster,hpa-flask-app,default
,mean,0,2026-02-24T03:59:57Z,2026-02-24T05:09:58Z,2026-02-24T04:08:30Z,80.95336066351996,memory,monitoring_cluster,hpa-flask-app,default
,mean,0,2026-02-24T03:59:57Z,2026-02-24T05:09:58Z,2026-02-24T04:08:40Z,63.62622878130745,memory,monitoring_cluster,hpa-flask-app,default
,mean,0,2026-02-24T03:59:57Z,2026-02-24T05:09:58Z,2026-02-24T04:08:50Z,31.446812947591145,memory,monitoring_cluster,hpa-flask-app,default
,mean,0,2026-02-24T03:59:57Z,2026-02-24T05:09:58Z,2026-02-24T04:09:00Z,43.58319600423177,memory,monitoring_cluster,hpa-flask-app,default
,mean,0,2026-02-24T03:59:57Z,2026-02-24T05:09:58Z,2026-02-24T04:09:10Z,68.9465691061581,memory,monitoring_cluster,hpa-flask-app,default
,mean,0,2026-02-24T03:59:57Z,2026-02-24T05:09:58Z,2026-02-24T04:09:20Z,71.4141845703125,memory,monitoring_cluster,hpa-flask-app,default
,mean,0,2026-02-24T03:59:57Z,2026-02-24T05:09:58Z,2026-02-24T04:09:30Z,67.3236443014706,memory,monitoring_cluster,hpa-flask-app,default
,mean,0,2026-02-24T03:59:57Z,2026-02-24T05:09:58Z,2026-02-24T04:09:40Z,61.64148966471354,memory,monitoring_cluster,hpa-flask-app,default
,mean,0,2026-02-24T03:59:57Z,2026-02-24T05:09:58Z,2026-02-24T04:09:50Z,83.18878173828126,memory,monitoring_cluster,hpa-flask-app,default
,mean,0,2026-02-24T03:59:57Z,2026-02-24T05:09:58Z,2026-02-24T04:10:00Z,69.08339606391058,memory,monitoring_cluster,hpa-flask-app,default
,mean,0,2026-02-24T03:59:57Z,2026-02-24T05:09:58Z,2026-02-24T04:10:10Z,46.316896326401654,memory,monitoring_cluster,hpa-flask-app,default
,mean,0,2026-02-24T03:59:57Z,2026-02-24T05:09:58Z,2026-02-24T04:10:20Z,76.85930040147569,memory,monitoring_cluster,hpa-flask-app,default
,mean,0,2026-02-24T03:59:57Z,2026-02-24T05:09:58Z,2026-02-24T04:10:30Z,77.7954610188802,memory,monitoring_cluster,hpa-flask-app,default
,mean,0,2026-02-24T03:59:57Z,2026-02-24T05:09:58Z,2026-02-24T04:10:40Z,78.2833413516774,memory,monitoring_cluster,hpa-flask-app,default
,mean,0,2026-02-24T03:59:57Z,2026-02-24T05:09:58Z,2026-02-24T04:10:50Z,71.51824951171876,memory,monitoring_cluster,hpa-flask-app,default
,mean,0,2026-02-24T03:59:57Z,2026-02-24T05:09:58Z,2026-02-24T04:11:00Z,78.10361076803768,memory,monitoring_cluster,hpa-flask-app,default
,mean,0,2026-02-24T03:59:57Z,2026-02-24T05:09:58Z,2026-02-24T04:11:10Z,79.6875974867079,memory,monitoring_cluster,hpa-flask-app,default
,mean,0,2026-02-24T03:59:57Z,2026-02-24T05:09:58Z,2026-02-24T04:11:20Z,83.09858957926433,memory,monitoring_cluster,hpa-flask-app,default
,mean,0,2026-02-24T03:59:57Z,2026-02-24T05:09:58Z,2026-02-24T04:11:30Z,83.14715217141544,memory,monitoring_cluster,hpa-flask-app,default
,mean,0,2026-02-24T03:59:57Z,2026-02-24T05:09:58Z,2026-02-24T04:11:40Z,84.97925652398004,memory,monitoring_cluster,hpa-flask-app,default
,mean,0,2026-02-24T03:59:57Z,2026-02-24T05:09:58Z,2026-02-24T04:11:50Z,86.88940609202666,memory,monitoring_cluster,hpa-flask-app,default
,mean,0,2026-02-24T03:59:57Z,2026-02-24T05:09:58Z,2026-02-24T04:12:00Z,83.34586673312717,memory,monitoring_cluster,hpa-flask-app,default
,mean,0,2026-02-24T03:59:57Z,2026-02-24T05:09:58Z,2026-02-24T04:12:10Z,78.45925275017234,memory,monitoring_cluster,hpa-flask-app,default
,mean,0,2026-02-24T03:59:57Z,2026-02-24T05:09:58Z,2026-02-24T04:12:20Z,81.04097154405382,memory,monitoring_cluster,hpa-flask-app,default
,mean,0,2026-02-24T03:59:57Z,2026-02-24T05:09:58Z,2026-02-24T04:12:30Z,72.98331366644965,memory,monitoring_cluster,hpa-flask-app,default
,mean,0,2026-02-24T03:59:57Z,2026-02-24T05:09:58Z,2026-02-24T04:12:40Z,73.50633509018841,memory,monitoring_cluster,hpa-flask-app,default
,mean,0,2026-02-24T03:59:57Z,2026-02-24T05:09:58Z,2026-02-24T04:12:50Z,83.23043823242188,memory,monitoring_cluster,hpa-flask-app,default
,mean,0,2026-02-24T03:59:57Z,2026-02-24T05:09:58Z,2026-02-24T04:13:00Z,82.40165286593967,memory,monitoring_cluster,hpa-flask-app,default
,mean,0,2026-02-24T03:59:57Z,2026-02-24T05:09:58Z,2026-02-24T04:13:10Z,80.32060241699219,memory,monitoring_cluster,hpa-flask-app,default
,mean,0,2026-02-24T03:59:57Z,2026-02-24T05:09:58Z,2026-02-24T04:13:20Z,82.6798786836512,memory,monitoring_cluster,hpa-flask-app,default
,mean,0,2026-02-24T03:59:57Z,2026-02-24T05:09:58Z,2026-02-24T04:13:30Z,79.70100826687283,memory,monitoring_cluster,hpa-flask-app,default
,mean,0,2026-02-24T03:59:57Z,2026-02-24T05:09:58Z,2026-02-24T04:13:40Z,74.79430304633246,memory,monitoring_cluster,hpa-flask-app,default
,mean,0,2026-02-24T03:59:57Z,2026-02-24T05:09:58Z,2026-02-24T04:13:50Z,58.36444854736328,memory,monitoring_cluster,hpa-flask-app,default
,mean,0,2026-02-24T03:59:57Z,2026-02-24T05:09:58Z,2026-02-24T04:14:00Z,76.80809020996094,memory,monitoring_cluster,hpa-flask-app,default
,mean,0,2026-02-24T03:59:57Z,2026-02-24T05:09:58Z,2026-02-24T04:14:10Z,77.4294595157399,memory,monitoring_cluster,hpa-flask-app,default
,mean,0,2026-02-24T03:59:57Z,2026-02-24T05:09:58Z,2026-02-24T04:14:20Z,61.97941250271268,memory,monitoring_cluster,hpa-flask-app,default
,mean,0,2026-02-24T03:59:57Z,2026-02-24T05:09:58Z,2026-02-24T04:14:30Z,36.165169609917534,memory,monitoring_cluster,hpa-flask-app,default
,mean,0,2026-02-24T03:59:57Z,2026-02-24T05:09:58Z,2026-02-24T04:14:40Z,79.75674797506893,memory,monitoring_cluster,hpa-flask-app,default
,mean,0,2026-02-24T03:59:57Z,2026-02-24T05:09:58Z,2026-02-24T04:14:50Z,81.76708221435547,memory,monitoring_cluster,hpa-flask-app,default
,mean,0,2026-02-24T03:59:57Z,2026-02-24T05:09:58Z,2026-02-24T04:15:00Z,81.82868957519531,memory,monitoring_cluster,hpa-flask-app,default
,mean,0,2026-02-24T03:59:57Z,2026-02-24T05:09:58Z,2026-02-24T04:15:10Z,79.14811028374567,memory,monitoring_cluster,hpa-flask-app,default
,mean,0,2026-02-24T03:59:57Z,2026-02-24T05:09:58Z,2026-02-24T04:15:20Z,66.53363396139706,memory,monitoring_cluster,hpa-flask-app,default
,mean,0,2026-02-24T03:59:57Z,2026-02-24T05:09:58Z,2026-02-24T04:15:30Z,18.476613362630207,memory,monitoring_cluster,hpa-flask-app,default
,mean,0,2026-02-24T03:59:57Z,2026-02-24T05:09:58Z,2026-02-24T04:15:40Z,60.35453796386717,memory,monitoring_cluster,hpa-flask-app,default
,mean,0,2026-02-24T03:59:57Z,2026-02-24T05:09:58Z,2026-02-24T04:15:50Z,61.825592938591456,memory,monitoring_cluster,hpa-flask-app,default
,mean,0,2026-02-24T03:59:57Z,2026-02-24T05:09:58Z,2026-02-24T04:16:00Z,79.25463782416449,memory,monitoring_cluster,hpa-flask-app,default
,mean,0,2026-02-24T03:59:57Z,2026-02-24T05:09:58Z,2026-02-24T04:16:10Z,68.40780639648438,memory,monitoring_cluster,hpa-flask-app,default
,mean,0,2026-02-24T03:59:57Z,2026-02-24T05:09:58Z,2026-02-24T04:16:20Z,79.85249238855698,memory,monitoring_cluster,hpa-flask-app,default
,mean,0,2026-02-24T03:59:57Z,2026-02-24T05:09:58Z,2026-02-24T04:16:30Z,81.16528828938802,memory,monitoring_cluster,hpa-flask-app,default
,mean,0,2026-02-24T03:59:57Z,2026-02-24T05:09:58Z,2026-02-24T04:16:40Z,41.67040656594669,memory,monitoring_cluster,hpa-flask-app,default
,mean,0,2026-02-24T03:59:57Z,2026-02-24T05:09:58Z,2026-02-24T04:16:50Z,13.972854614257812,memory,monitoring_cluster,hpa-flask-app,default
,mean,0,2026-02-24T03:59:57Z,2026-02-24T05:09:58Z,2026-02-24T04:17:00Z,18.92242431640625,memory,monitoring_cluster,hpa-flask-app,default
,mean,0,2026-02-24T03:59:57Z,2026-02-24T05:09:58Z,2026-02-24T04:17:10Z,79.74798414442274,memory,monitoring_cluster,hpa-flask-app,default
,mean,0,2026-02-24T03:59:57Z,2026-02-24T05:09:58Z,2026-02-24T04:17:20Z,77.8292038861443,memory,monitoring_cluster,hpa-flask-app,default
,mean,0,2026-02-24T03:59:57Z,2026-02-24T05:09:58Z,2026-02-24T04:17:30Z,31.84238009982639,memory,monitoring_cluster,hpa-flask-app,default
,mean,0,2026-02-24T03:59:57Z,2026-02-24T05:09:58Z,2026-02-24T04:17:40Z,7.271261776194853,memory,monitoring_cluster,hpa-flask-app,default
,mean,0,2026-02-24T03:59:57Z,2026-02-24T05:09:58Z,2026-02-24T04:17:50Z,25.15576680501302,memory,monitoring_cluster,hpa-flask-app,default
,mean,0,2026-02-24T03:59:57Z,2026-02-24T05:09:58Z,2026-02-24T04:18:00Z,89.12887573242188,memory,monitoring_cluster,hpa-flask-app,default
,mean,0,2026-02-24T03:59:57Z,2026-02-24T05:09:58Z,2026-02-24T04:18:10Z,65.67230224609375,memory,monitoring_cluster,hpa-flask-app,default
,mean,0,2026-02-24T03:59:57Z,2026-02-24T05:09:58Z,2026-02-24T04:18:20Z,55.24376763237847,memory,monitoring_cluster,hpa-flask-app,default
,mean,0,2026-02-24T03:59:57Z,2026-02-24T05:09:58Z,2026-02-24T04:18:30Z,32.27678186753217,memory,monitoring_cluster,hpa-flask-app,default
,mean,0,2026-02-24T03:59:57Z,2026-02-24T05:09:58Z,2026-02-24T04:18:40Z,0,memory,monitoring_cluster,hpa-flask-app,default
,mean,0,2026-02-24T03:59:57Z,2026-02-24T05:09:58Z,2026-02-24T04:18:50Z,0,memory,monitoring_cluster,hpa-flask-app,default
,mean,0,2026-02-24T03:59:57Z,2026-02-24T05:09:58Z,2026-02-24T04:19:00Z,0.32322154325597424,memory,monitoring_cluster,hpa-flask-app,default
,mean,0,2026-02-24T03:59:57Z,2026-02-24T05:09:58Z,2026-02-24T04:19:10Z,63.33743824678309,memory,monitoring_cluster,hpa-flask-app,default
,mean,0,2026-02-24T03:59:57Z,2026-02-24T05:09:58Z,2026-02-24T04:19:20Z,58.46856011284722,memory,monitoring_cluster,hpa-flask-app,default
,mean,0,2026-02-24T03:59:57Z,2026-02-24T05:09:58Z,2026-02-24T04:19:30Z,57.350056966145836,memory,monitoring_cluster,hpa-flask-app,default
,mean,0,2026-02-24T03:59:57Z,2026-02-24T05:09:58Z,2026-02-24T04:19:40Z,26.92212273092831,memory,monitoring_cluster,hpa-flask-app,default
,mean,0,2026-02-24T03:59:57Z,2026-02-24T05:09:58Z,2026-02-24T04:19:50Z,45.56480407714844,memory,monitoring_cluster,hpa-flask-app,default
,mean,0,2026-02-24T03:59:57Z,2026-02-24T05:09:58Z,2026-02-24T04:20:00Z,53.36732652452257,memory,monitoring_cluster,hpa-flask-app,default
,mean,0,2026-02-24T03:59:57Z,2026-02-24T05:09:58Z,2026-02-24T04:20:10Z,70.03167545094209,memory,monitoring_cluster,hpa-flask-app,default
,mean,0,2026-02-24T03:59:57Z,2026-02-24T05:09:58Z,2026-02-24T04:20:20Z,74.80066935221355,memory,monitoring_cluster,hpa-flask-app,default
,mean,0,2026-02-24T03:59:57Z,2026-02-24T05:09:58Z,2026-02-24T04:20:30Z,84.95405309340534,memory,monitoring_cluster,hpa-flask-app,default
,mean,0,2026-02-24T03:59:57Z,2026-02-24T05:09:58Z,2026-02-24T04:20:40Z,59.15858374701606,memory,monitoring_cluster,hpa-flask-app,default
,mean,0,2026-02-24T03:59:57Z,2026-02-24T05:09:58Z,2026-02-24T04:20:50Z,69.22897338867188,memory,monitoring_cluster,hpa-flask-app,default
,mean,0,2026-02-24T03:59:57Z,2026-02-24T05:09:58Z,2026-02-24T04:21:00Z,83.11171637641058,memory,monitoring_cluster,hpa-flask-app,default
,mean,0,2026-02-24T03:59:57Z,2026-02-24T05:09:58Z,2026-02-24T04:21:10Z,83.18471272786458,memory,monitoring_cluster,hpa-flask-app,default
,mean,0,2026-02-24T03:59:57Z,2026-02-24T05:09:58Z,2026-02-24T04:21:20Z,73.76587811638328,memory,monitoring_cluster,hpa-flask-app,default
,mean,0,2026-02-24T03:59:57Z,2026-02-24T05:09:58Z,2026-02-24T04:21:30Z,72.97698126898871,memory,monitoring_cluster,hpa-flask-app,default
,mean,0,2026-02-24T03:59:57Z,2026-02-24T05:09:58Z,2026-02-24T04:21:40Z,80.71206485523896,memory,monitoring_cluster,hpa-flask-app,default
,mean,0,2026-02-24T03:59:57Z,2026-02-24T05:09:58Z,2026-02-24T04:21:50Z,77.6385498046875,memory,monitoring_cluster,hpa-flask-app,default
,mean,0,2026-02-24T03:59:57Z,2026-02-24T05:09:58Z,2026-02-24T04:22:00Z,77.9097209257238,memory,monitoring_cluster,hpa-flask-app,default
,mean,0,2026-02-24T03:59:57Z,2026-02-24T05:09:58Z,2026-02-24T04:22:10Z,76.551513671875,memory,monitoring_cluster,hpa-flask-app,default
,mean,0,2026-02-24T03:59:57Z,2026-02-24T05:09:58Z,2026-02-24T04:22:20Z,83.6101935891544,memory,monitoring_cluster,hpa-flask-app,default
,mean,0,2026-02-24T03:59:57Z,2026-02-24T05:09:58Z,2026-02-24T04:22:30Z,82.87746205049403,memory,monitoring_cluster,hpa-flask-app,default
,mean,0,2026-02-24T03:59:57Z,2026-02-24T05:09:58Z,2026-02-24T04:22:40Z,83.13208685980902,memory,monitoring_cluster,hpa-flask-app,default
,mean,0,2026-02-24T03:59:57Z,2026-02-24T05:09:58Z,2026-02-24T04:22:50Z,83.22990417480469,memory,monitoring_cluster,hpa-flask-app,default
,mean,0,2026-02-24T03:59:57Z,2026-02-24T05:09:58Z,2026-02-24T04:23:00Z,76.00209130181207,memory,monitoring_cluster,hpa-flask-app,default
,mean,0,2026-02-24T03:59:57Z,2026-02-24T05:09:58Z,2026-02-24T04:23:10Z,59.720764160156264,memory,monitoring_cluster,hpa-flask-app,default
,mean,0,2026-02-24T03:59:57Z,2026-02-24T05:09:58Z,2026-02-24T04:23:20Z,70.76772353228401,memory,monitoring_cluster,hpa-flask-app,default
,mean,0,2026-02-24T03:59:57Z,2026-02-24T05:09:58Z,2026-02-24T04:23:30Z,74.21805487738715,memory,monitoring_cluster,hpa-flask-app,default
,mean,0,2026-02-24T03:59:57Z,2026-02-24T05:09:58Z,2026-02-24T04:23:40Z,72.31674194335938,memory,monitoring_cluster,hpa-flask-app,default
,mean,0,2026-02-24T03:59:57Z,2026-02-24T05:09:58Z,2026-02-24T04:23:50Z,68.56104532877605,memory,monitoring_cluster,hpa-flask-app,default
,mean,0,2026-02-24T03:59:57Z,2026-02-24T05:09:58Z,2026-02-24T04:24:00Z,71.47057925953584,memory,monitoring_cluster,hpa-flask-app,default
,mean,0,2026-02-24T03:59:57Z,2026-02-24T05:09:58Z,2026-02-24T04:24:10Z,83.19132486979167,memory,monitoring_cluster,hpa-flask-app,default
,mean,0,2026-02-24T03:59:57Z,2026-02-24T05:09:58Z,2026-02-24T04:24:20Z,83.2956780327691,memory,monitoring_cluster,hpa-flask-app,default
,mean,0,2026-02-24T03:59:57Z,2026-02-24T05:09:58Z,2026-02-24T04:24:30Z,83.32233204561122,memory,monitoring_cluster,hpa-flask-app,default
,mean,0,2026-02-24T03:59:57Z,2026-02-24T05:09:58Z,2026-02-24T04:24:40Z,83.3336936102973,memory,monitoring_cluster,hpa-flask-app,default
,mean,0,2026-02-24T03:59:57Z,2026-02-24T05:09:58Z,2026-02-24T04:24:50Z,83.5716023164637,memory,monitoring_cluster,hpa-flask-app,default
,mean,0,2026-02-24T03:59:57Z,2026-02-24T05:09:58Z,2026-02-24T04:25:00Z,83.88294643825955,memory,monitoring_cluster,hpa-flask-app,default
,mean,0,2026-02-24T03:59:57Z,2026-02-24T05:09:58Z,2026-02-24T04:25:10Z,77.20451354980469,memory,monitoring_cluster,hpa-flask-app,default
,mean,0,2026-02-24T03:59:57Z,2026-02-24T05:09:58Z,2026-02-24T04:25:20Z,65.58113098144531,memory,monitoring_cluster,hpa-flask-app,default
,mean,0,2026-02-24T03:59:57Z,2026-02-24T05:09:58Z,2026-02-24T04:25:30Z,76.27179887559679,memory,monitoring_cluster,hpa-flask-app,default
,mean,0,2026-02-24T03:59:57Z,2026-02-24T05:09:58Z,2026-02-24T04:25:40Z,83.18188835592831,memory,monitoring_cluster,hpa-flask-app,default
,mean,0,2026-02-24T03:59:57Z,2026-02-24T05:09:58Z,2026-02-24T04:25:50Z,81.7394510904948,memory,monitoring_cluster,hpa-flask-app,default
,mean,0,2026-02-24T03:59:57Z,2026-02-24T05:09:58Z,2026-02-24T04:26:00Z,83.1613607967601,memory,monitoring_cluster,hpa-flask-app,default
,mean,0,2026-02-24T03:59:57Z,2026-02-24T05:09:58Z,2026-02-24T04:26:10Z,83.22686937120226,memory,monitoring_cluster,hpa-flask-app,default
,mean,0,2026-02-24T03:59:57Z,2026-02-24T05:09:58Z,2026-02-24T04:26:20Z,83.0947696461397,memory,monitoring_cluster,hpa-flask-app,default
,mean,0,2026-02-24T03:59:57Z,2026-02-24T05:09:58Z,2026-02-24T04:26:30Z,83.1475321451823,memory,monitoring_cluster,hpa-flask-app,default
,mean,0,2026-02-24T03:59:57Z,2026-02-24T05:09:58Z,2026-02-24T04:26:40Z,81.8925952911377,memory,monitoring_cluster,hpa-flask-app,default
,mean,0,2026-02-24T03:59:57Z,2026-02-24T05:09:58Z,2026-02-24T04:26:50Z,83.27611287434894,memory,monitoring_cluster,hpa-flask-app,default
,mean,0,2026-02-24T03:59:57Z,2026-02-24T05:09:58Z,2026-02-24T04:27:00Z,83.16065470377605,memory,monitoring_cluster,hpa-flask-app,default
,mean,0,2026-02-24T03:59:57Z,2026-02-24T05:09:58Z,2026-02-24T04:27:10Z,82.95623779296875,memory,monitoring_cluster,hpa-flask-app,default
,mean,0,2026-02-24T03:59:57Z,2026-02-24T05:09:58Z,2026-02-24T04:27:20Z,82.08478291829427,memory,monitoring_cluster,hpa-flask-app,default
,mean,0,2026-02-24T03:59:57Z,2026-02-24T05:09:58Z,2026-02-24T04:27:30Z,83.07069666245404,memory,monitoring_cluster,hpa-flask-app,default
,mean,0,2026-02-24T03:59:57Z,2026-02-24T05:09:58Z,2026-02-24T04:27:40Z,83.03550720214844,memory,monitoring_cluster,hpa-flask-app,default
,mean,0,2026-02-24T03:59:57Z,2026-02-24T05:09:58Z,2026-02-24T04:27:50Z,83.05294036865234,memory,monitoring_cluster,hpa-flask-app,default
,mean,0,2026-02-24T03:59:57Z,2026-02-24T05:09:58Z,2026-02-24T04:28:00Z,83.5544765696806,memory,monitoring_cluster,hpa-flask-app,default
,mean,0,2026-02-24T03:59:57Z,2026-02-24T05:09:58Z,2026-02-24T04:28:10Z,84.54261779785158,memory,monitoring_cluster,hpa-flask-app,default
,mean,0,2026-02-24T03:59:57Z,2026-02-24T05:09:58Z,2026-02-24T04:28:20Z,83.4543694390191,memory,monitoring_cluster,hpa-flask-app,default
,mean,0,2026-02-24T03:59:57Z,2026-02-24T05:09:58Z,2026-02-24T04:28:30Z,83.0393263872932,memory,monitoring_cluster,hpa-flask-app,default
,mean,0,2026-02-24T03:59:57Z,2026-02-24T05:09:58Z,2026-02-24T04:28:40Z,84.24666086832684,memory,monitoring_cluster,hpa-flask-app,default
,mean,0,2026-02-24T03:59:57Z,2026-02-24T05:09:58Z,2026-02-24T04:28:50Z,84.976806640625,memory,monitoring_cluster,hpa-flask-app,default
,mean,0,2026-02-24T03:59:57Z,2026-02-24T05:09:58Z,2026-02-24T04:29:00Z,83.46089680989583,memory,monitoring_cluster,hpa-flask-app,default
,mean,0,2026-02-24T03:59:57Z,2026-02-24T05:09:58Z,2026-02-24T04:29:10Z,83.39934405158547,memory,monitoring_cluster,hpa-flask-app,default
,mean,0,2026-02-24T03:59:57Z,2026-02-24T05:09:58Z,2026-02-24T04:29:20Z,84.38796149359808,memory,monitoring_cluster,hpa-flask-app,default
,mean,0,2026-02-24T03:59:57Z,2026-02-24T05:09:58Z,2026-02-24T04:29:30Z,83.35395812988281,memory,monitoring_cluster,hpa-flask-app,default
,mean,0,2026-02-24T03:59:57Z,2026-02-24T05:09:58Z,2026-02-24T04:29:40Z,83.70243745691636,memory,monitoring_cluster,hpa-flask-app,default
,mean,0,2026-02-24T03:59:57Z,2026-02-24T05:09:58Z,2026-02-24T04:29:50Z,84.17174445258246,memory,monitoring_cluster,hpa-flask-app,default
,mean,0,2026-02-24T03:59:57Z,2026-02-24T05:09:58Z,2026-02-24T04:30:00Z,83.35863898782169,memory,monitoring_cluster,hpa-flask-app,default
,mean,0,2026-02-24T03:59:57Z,2026-02-24T05:09:58Z,2026-02-24T04:30:10Z,82.49091254340277,memory,monitoring_cluster,hpa-flask-app,default
,mean,0,2026-02-24T03:59:57Z,2026-02-24T05:09:58Z,2026-02-24T04:30:20Z,83.57069227430556,memory,monitoring_cluster,hpa-flask-app,default
,mean,0,2026-02-24T03:59:57Z,2026-02-24T05:09:58Z,2026-02-24T04:30:30Z,83.42987060546875,memory,monitoring_cluster,hpa-flask-app,default
,mean,0,2026-02-24T03:59:57Z,2026-02-24T05:09:58Z,2026-02-24T04:30:40Z,83.33134121365018,memory,monitoring_cluster,hpa-flask-app,default
,mean,0,2026-02-24T03:59:57Z,2026-02-24T05:09:58Z,2026-02-24T04:30:50Z,85.55268680348115,memory,monitoring_cluster,hpa-flask-app,default
,mean,0,2026-02-24T03:59:57Z,2026-02-24T05:09:58Z,2026-02-24T04:31:00Z,86.39586554633246,memory,monitoring_cluster,hpa-flask-app,default
,mean,0,2026-02-24T03:59:57Z,2026-02-24T05:09:58Z,2026-02-24T04:31:10Z,83.27651977539062,memory,monitoring_cluster,hpa-flask-app,default
,mean,0,2026-02-24T03:59:57Z,2026-02-24T05:09:58Z,2026-02-24T04:31:20Z,83.24752807617188,memory,monitoring_cluster,hpa-flask-app,default
,mean,0,2026-02-24T03:59:57Z,2026-02-24T05:09:58Z,2026-02-24T04:31:30Z,83.20696089002821,memory,monitoring_cluster,hpa-flask-app,default
,mean,0,2026-02-24T03:59:57Z,2026-02-24T05:09:58Z,2026-02-24T04:31:40Z,83.19792803596047,memory,monitoring_cluster,hpa-flask-app,default
,mean,0,2026-02-24T03:59:57Z,2026-02-24T05:09:58Z,2026-02-24T04:31:50Z,83.21695963541667,memory,monitoring_cluster,hpa-flask-app,default
,mean,0,2026-02-24T03:59:57Z,2026-02-24T05:09:58Z,2026-02-24T04:32:00Z,83.23215709013097,memory,monitoring_cluster,hpa-flask-app,default
,mean,0,2026-02-24T03:59:57Z,2026-02-24T05:09:58Z,2026-02-24T04:32:10Z,83.24871063232422,memory,monitoring_cluster,hpa-flask-app,default
,mean,0,2026-02-24T03:59:57Z,2026-02-24T05:09:58Z,2026-02-24T04:32:20Z,83.25160755830653,memory,monitoring_cluster,hpa-flask-app,default
,mean,0,2026-02-24T03:59:57Z,2026-02-24T05:09:58Z,2026-02-24T04:32:30Z,83.1858147515191,memory,monitoring_cluster,hpa-flask-app,default
,mean,0,2026-02-24T03:59:57Z,2026-02-24T05:09:58Z,2026-02-24T04:32:40Z,83.21333991156683,memory,monitoring_cluster,hpa-flask-app,default
,mean,0,2026-02-24T03:59:57Z,2026-02-24T05:09:58Z,2026-02-24T04:32:50Z,83.26180850758271,memory,monitoring_cluster,hpa-flask-app,default
,mean,0,2026-02-24T03:59:57Z,2026-02-24T05:09:58Z,2026-02-24T04:33:00Z,83.22625104118796,memory,monitoring_cluster,hpa-flask-app,default
,mean,0,2026-02-24T03:59:57Z,2026-02-24T05:09:58Z,2026-02-24T04:33:10Z,83.26674143473308,memory,monitoring_cluster,hpa-flask-app,default
,mean,0,2026-02-24T03:59:57Z,2026-02-24T05:09:58Z,2026-02-24T04:33:20Z,81.93077087402344,memory,monitoring_cluster,hpa-flask-app,default
,mean,0,2026-02-24T03:59:57Z,2026-02-24T05:09:58Z,2026-02-24T04:33:30Z,82.81500074598524,memory,monitoring_cluster,hpa-flask-app,default
,mean,0,2026-02-24T03:59:57Z,2026-02-24T05:09:58Z,2026-02-24T04:33:40Z,83.06326922248391,memory,monitoring_cluster,hpa-flask-app,default
,mean,0,2026-02-24T03:59:57Z,2026-02-24T05:09:58Z,2026-02-24T04:33:50Z,83.04878658718533,memory,monitoring_cluster,hpa-flask-app,default
,mean,0,2026-02-24T03:59:57Z,2026-02-24T05:09:58Z,2026-02-24T04:34:00Z,84.01666977826287,memory,monitoring_cluster,hpa-flask-app,default
,mean,0,2026-02-24T03:59:57Z,2026-02-24T05:09:58Z,2026-02-24T04:34:10Z,84.39233991834853,memory,monitoring_cluster,hpa-flask-app,default
,mean,0,2026-02-24T03:59:57Z,2026-02-24T05:09:58Z,2026-02-24T04:34:20Z,83.75951290130615,memory,monitoring_cluster,hpa-flask-app,default
,mean,0,2026-02-24T03:59:57Z,2026-02-24T05:09:58Z,2026-02-24T04:34:30Z,83.2046127319336,memory,monitoring_cluster,hpa-flask-app,default
,mean,0,2026-02-24T03:59:57Z,2026-02-24T05:09:58Z,2026-02-24T04:34:40Z,83.2586669921875,memory,monitoring_cluster,hpa-flask-app,default
,mean,0,2026-02-24T03:59:57Z,2026-02-24T05:09:58Z,2026-02-24T04:34:50Z,83.22324117024739,memory,monitoring_cluster,hpa-flask-app,default
,mean,0,2026-02-24T03:59:57Z,2026-02-24T05:09:58Z,2026-02-24T04:35:00Z,83.2106696234809,memory,monitoring_cluster,hpa-flask-app,default
,mean,0,2026-02-24T03:59:57Z,2026-02-24T05:09:58Z,2026-02-24T04:35:10Z,83.21746349334717,memory,monitoring_cluster,hpa-flask-app,default
,mean,0,2026-02-24T03:59:57Z,2026-02-24T05:09:58Z,2026-02-24T04:35:20Z,82.02494303385417,memory,monitoring_cluster,hpa-flask-app,default
,mean,0,2026-02-24T03:59:57Z,2026-02-24T05:09:58Z,2026-02-24T04:35:30Z,81.92716710707721,memory,monitoring_cluster,hpa-flask-app,default
,mean,0,2026-02-24T03:59:57Z,2026-02-24T05:09:58Z,2026-02-24T04:35:40Z,80.59892442491319,memory,monitoring_cluster,hpa-flask-app,default
,mean,0,2026-02-24T03:59:57Z,2026-02-24T05:09:58Z,2026-02-24T04:35:50Z,83.33419799804688,memory,monitoring_cluster,hpa-flask-app,default
,mean,0,2026-02-24T03:59:57Z,2026-02-24T05:09:58Z,2026-02-24T04:36:00Z,83.1113772922092,memory,monitoring_cluster,hpa-flask-app,default
,mean,0,2026-02-24T03:59:57Z,2026-02-24T05:09:58Z,2026-02-24T04:36:10Z,82.79724544949002,memory,monitoring_cluster,hpa-flask-app,default
,mean,0,2026-02-24T03:59:57Z,2026-02-24T05:09:58Z,2026-02-24T04:36:20Z,82.70501529469209,memory,monitoring_cluster,hpa-flask-app,default
,mean,0,2026-02-24T03:59:57Z,2026-02-24T05:09:58Z,2026-02-24T04:36:30Z,83.03662618001302,memory,monitoring_cluster,hpa-flask-app,default
,mean,0,2026-02-24T03:59:57Z,2026-02-24T05:09:58Z,2026-02-24T04:36:40Z,83.14928391400505,memory,monitoring_cluster,hpa-flask-app,default
,mean,0,2026-02-24T03:59:57Z,2026-02-24T05:09:58Z,2026-02-24T04:36:50Z,83.21930779351129,memory,monitoring_cluster,hpa-flask-app,default
,mean,0,2026-02-24T03:59:57Z,2026-02-24T05:09:58Z,2026-02-24T04:37:00Z,83.16063774956598,memory,monitoring_cluster,hpa-flask-app,default
,mean,0,2026-02-24T03:59:57Z,2026-02-24T05:09:58Z,2026-02-24T04:37:10Z,83.2223824893727,memory,monitoring_cluster,hpa-flask-app,default
,mean,0,2026-02-24T03:59:57Z,2026-02-24T05:09:58Z,2026-02-24T04:37:20Z,83.20665147569444,memory,monitoring_cluster,hpa-flask-app,default
,mean,0,2026-02-24T03:59:57Z,2026-02-24T05:09:58Z,2026-02-24T04:37:30Z,83.13439761891084,memory,monitoring_cluster,hpa-flask-app,default
,mean,0,2026-02-24T03:59:57Z,2026-02-24T05:09:58Z,2026-02-24T04:37:40Z,83.1552505493164,memory,monitoring_cluster,hpa-flask-app,default
,mean,0,2026-02-24T03:59:57Z,2026-02-24T05:09:58Z,2026-02-24T04:37:50Z,83.1539109173943,memory,monitoring_cluster,hpa-flask-app,default
,mean,0,2026-02-24T03:59:57Z,2026-02-24T05:09:58Z,2026-02-24T04:38:00Z,83.18768819173177,memory,monitoring_cluster,hpa-flask-app,default
,mean,0,2026-02-24T03:59:57Z,2026-02-24T05:09:58Z,2026-02-24T04:38:10Z,83.18523830837674,memory,monitoring_cluster,hpa-flask-app,default
,mean,0,2026-02-24T03:59:57Z,2026-02-24T05:09:58Z,2026-02-24T04:38:20Z,83.19701250861671,memory,monitoring_cluster,hpa-flask-app,default
,mean,0,2026-02-24T03:59:57Z,2026-02-24T05:09:58Z,2026-02-24T04:38:30Z,81.12758212619357,memory,monitoring_cluster,hpa-flask-app,default
,mean,0,2026-02-24T03:59:57Z,2026-02-24T05:09:58Z,2026-02-24T04:38:40Z,80.7895839915556,memory,monitoring_cluster,hpa-flask-app,default
,mean,0,2026-02-24T03:59:57Z,2026-02-24T05:09:58Z,2026-02-24T04:38:50Z,83.11525132921007,memory,monitoring_cluster,hpa-flask-app,default
,mean,0,2026-02-24T03:59:57Z,2026-02-24T05:09:58Z,2026-02-24T04:39:00Z,83.0469109030331,memory,monitoring_cluster,hpa-flask-app,default
,mean,0,2026-02-24T03:59:57Z,2026-02-24T05:09:58Z,2026-02-24T04:39:10Z,83.18894280327692,memory,monitoring_cluster,hpa-flask-app,default
,mean,0,2026-02-24T03:59:57Z,2026-02-24T05:09:58Z,2026-02-24T04:39:20Z,83.18318535299862,memory,monitoring_cluster,hpa-flask-app,default
,mean,0,2026-02-24T03:59:57Z,2026-02-24T05:09:58Z,2026-02-24T04:39:30Z,83.2084072337431,memory,monitoring_cluster,hpa-flask-app,default
,mean,0,2026-02-24T03:59:57Z,2026-02-24T05:09:58Z,2026-02-24T04:39:40Z,83.21942647298177,memory,monitoring_cluster,hpa-flask-app,default
,mean,0,2026-02-24T03:59:57Z,2026-02-24T05:09:58Z,2026-02-24T04:39:50Z,83.19046020507812,memory,monitoring_cluster,hpa-flask-app,default
,mean,0,2026-02-24T03:59:57Z,2026-02-24T05:09:58Z,2026-02-24T04:40:00Z,83.14999898274739,memory,monitoring_cluster,hpa-flask-app,default
,mean,0,2026-02-24T03:59:57Z,2026-02-24T05:09:58Z,2026-02-24T04:40:10Z,83.23556339039521,memory,monitoring_cluster,hpa-flask-app,default
,mean,0,2026-02-24T03:59:57Z,2026-02-24T05:09:58Z,2026-02-24T04:40:20Z,80.60714721679688,memory,monitoring_cluster,hpa-flask-app,default
,mean,0,2026-02-24T03:59:57Z,2026-02-24T05:09:58Z,2026-02-24T04:40:30Z,82.57008870442708,memory,monitoring_cluster,hpa-flask-app,default
,mean,0,2026-02-24T03:59:57Z,2026-02-24T05:09:58Z,2026-02-24T04:40:40Z,82.87464815027573,memory,monitoring_cluster,hpa-flask-app,default
,mean,0,2026-02-24T03:59:57Z,2026-02-24T05:09:58Z,2026-02-24T04:40:50Z,82.89821200900607,memory,monitoring_cluster,hpa-flask-app,default
,mean,0,2026-02-24T03:59:57Z,2026-02-24T05:09:58Z,2026-02-24T04:41:00Z,83.11661215389476,memory,monitoring_cluster,hpa-flask-app,default
,mean,0,2026-02-24T03:59:57Z,2026-02-24T05:09:58Z,2026-02-24T04:41:10Z,83.16995832655165,memory,monitoring_cluster,hpa-flask-app,default
,mean,0,2026-02-24T03:59:57Z,2026-02-24T05:09:58Z,2026-02-24T04:41:20Z,83.23411729600694,memory,monitoring_cluster,hpa-flask-app,default
,mean,0,2026-02-24T03:59:57Z,2026-02-24T05:09:58Z,2026-02-24T04:41:30Z,83.20068359375,memory,monitoring_cluster,hpa-flask-app,default
,mean,0,2026-02-24T03:59:57Z,2026-02-24T05:09:58Z,2026-02-24T04:41:40Z,83.19659064797794,memory,monitoring_cluster,hpa-flask-app,default
,mean,0,2026-02-24T03:59:57Z,2026-02-24T05:09:58Z,2026-02-24T04:41:50Z,83.17900713752297,memory,monitoring_cluster,hpa-flask-app,default
,mean,0,2026-02-24T03:59:57Z,2026-02-24T05:09:58Z,2026-02-24T04:42:00Z,83.23929680718317,memory,monitoring_cluster,hpa-flask-app,default
,mean,0,2026-02-24T03:59:57Z,2026-02-24T05:09:58Z,2026-02-24T04:42:10Z,83.24426987591912,memory,monitoring_cluster,hpa-flask-app,default
,mean,0,2026-02-24T03:59:57Z,2026-02-24T05:09:58Z,2026-02-24T04:42:20Z,83.16697064568015,memory,monitoring_cluster,hpa-flask-app,default
,mean,0,2026-02-24T03:59:57Z,2026-02-24T05:09:58Z,2026-02-24T04:42:30Z,83.21507771809895,memory,monitoring_cluster,hpa-flask-app,default
,mean,0,2026-02-24T03:59:57Z,2026-02-24T05:09:58Z,2026-02-24T04:42:40Z,83.24356079101562,memory,monitoring_cluster,hpa-flask-app,default
,mean,0,2026-02-24T03:59:57Z,2026-02-24T05:09:58Z,2026-02-24T04:42:50Z,83.17277696397569,memory,monitoring_cluster,hpa-flask-app,default
,mean,0,2026-02-24T03:59:57Z,2026-02-24T05:09:58Z,2026-02-24T04:43:00Z,83.20738848517922,memory,monitoring_cluster,hpa-flask-app,default
,mean,0,2026-02-24T03:59:57Z,2026-02-24T05:09:58Z,2026-02-24T04:43:10Z,83.22478400336371,memory,monitoring_cluster,hpa-flask-app,default
,mean,0,2026-02-24T03:59:57Z,2026-02-24T05:09:58Z,2026-02-24T04:43:20Z,83.2318474264706,memory,monitoring_cluster,hpa-flask-app,default
,mean,0,2026-02-24T03:59:57Z,2026-02-24T05:09:58Z,2026-02-24T04:43:30Z,83.22262234157986,memory,monitoring_cluster,hpa-flask-app,default
,mean,0,2026-02-24T03:59:57Z,2026-02-24T05:09:58Z,2026-02-24T04:43:40Z,83.14576990464154,memory,monitoring_cluster,hpa-flask-app,default
,mean,0,2026-02-24T03:59:57Z,2026-02-24T05:09:58Z,2026-02-24T04:43:50Z,83.10716068043428,memory,monitoring_cluster,hpa-flask-app,default
,mean,0,2026-02-24T03:59:57Z,2026-02-24T05:09:58Z,2026-02-24T04:44:00Z,82.96867370605469,memory,monitoring_cluster,hpa-flask-app,default
,mean,0,2026-02-24T03:59:57Z,2026-02-24T05:09:58Z,2026-02-24T04:44:10Z,66.56618903664982,memory,monitoring_cluster,hpa-flask-app,default
,mean,0,2026-02-24T03:59:57Z,2026-02-24T05:09:58Z,2026-02-24T04:44:20Z,82.98129611545139,memory,monitoring_cluster,hpa-flask-app,default
,mean,0,2026-02-24T03:59:57Z,2026-02-24T05:09:58Z,2026-02-24T04:44:30Z,82.97181073357078,memory,monitoring_cluster,hpa-flask-app,default
,mean,0,2026-02-24T03:59:57Z,2026-02-24T05:09:58Z,2026-02-24T04:44:40Z,83.79920959472656,memory,monitoring_cluster,hpa-flask-app,default
,mean,0,2026-02-24T03:59:57Z,2026-02-24T05:09:58Z,2026-02-24T04:44:50Z,82.19021691216363,memory,monitoring_cluster,hpa-flask-app,default
,mean,0,2026-02-24T03:59:57Z,2026-02-24T05:09:58Z,2026-02-24T04:45:00Z,82.37180822035846,memory,monitoring_cluster,hpa-flask-app,default
,mean,0,2026-02-24T03:59:57Z,2026-02-24T05:09:58Z,2026-02-24T04:45:10Z,82.66966925726996,memory,monitoring_cluster,hpa-flask-app,default
,mean,0,2026-02-24T03:59:57Z,2026-02-24T05:09:58Z,2026-02-24T04:45:20Z,77.6952616373698,memory,monitoring_cluster,hpa-flask-app,default
,mean,0,2026-02-24T03:59:57Z,2026-02-24T05:09:58Z,2026-02-24T04:45:30Z,82.52856983857997,memory,monitoring_cluster,hpa-flask-app,default
,mean,0,2026-02-24T03:59:57Z,2026-02-24T05:09:58Z,2026-02-24T04:45:40Z,80.70904625786676,memory,monitoring_cluster,hpa-flask-app,default
,mean,0,2026-02-24T03:59:57Z,2026-02-24T05:09:58Z,2026-02-24T04:45:50Z,72.64007568359375,memory,monitoring_cluster,hpa-flask-app,default
,mean,0,2026-02-24T03:59:57Z,2026-02-24T05:09:58Z,2026-02-24T04:46:00Z,77.15719434950087,memory,monitoring_cluster,hpa-flask-app,default
,mean,0,2026-02-24T03:59:57Z,2026-02-24T05:09:58Z,2026-02-24T04:46:10Z,77.64016544117646,memory,monitoring_cluster,hpa-flask-app,default
,mean,0,2026-02-24T03:59:57Z,2026-02-24T05:09:58Z,2026-02-24T04:46:20Z,81.18292914496527,memory,monitoring_cluster,hpa-flask-app,default
,mean,0,2026-02-24T03:59:57Z,2026-02-24T05:09:58Z,2026-02-24T04:46:30Z,83.27493106617646,memory,monitoring_cluster,hpa-flask-app,default
,mean,0,2026-02-24T03:59:57Z,2026-02-24T05:09:58Z,2026-02-24T04:46:40Z,83.92679850260417,memory,monitoring_cluster,hpa-flask-app,default
,mean,0,2026-02-24T03:59:57Z,2026-02-24T05:09:58Z,2026-02-24T04:46:50Z,85.40830724379596,memory,monitoring_cluster,hpa-flask-app,default
,mean,0,2026-02-24T03:59:57Z,2026-02-24T05:09:58Z,2026-02-24T04:47:00Z,84.22387017144098,memory,monitoring_cluster,hpa-flask-app,default
,mean,0,2026-02-24T03:59:57Z,2026-02-24T05:09:58Z,2026-02-24T04:47:10Z,83.24361165364583,memory,monitoring_cluster,hpa-flask-app,default
,mean,0,2026-02-24T03:59:57Z,2026-02-24T05:09:58Z,2026-02-24T04:47:20Z,83.19700353285846,memory,monitoring_cluster,hpa-flask-app,default
,mean,0,2026-02-24T03:59:57Z,2026-02-24T05:09:58Z,2026-02-24T04:47:30Z,83.18366156684027,memory,monitoring_cluster,hpa-flask-app,default
,mean,0,2026-02-24T03:59:57Z,2026-02-24T05:09:58Z,2026-02-24T04:47:40Z,83.16131591796875,memory,monitoring_cluster,hpa-flask-app,default
,mean,0,2026-02-24T03:59:57Z,2026-02-24T05:09:58Z,2026-02-24T04:47:50Z,80.9505776798024,memory,monitoring_cluster,hpa-flask-app,default
,mean,0,2026-02-24T03:59:57Z,2026-02-24T05:09:58Z,2026-02-24T04:48:00Z,82.48616536458333,memory,monitoring_cluster,hpa-flask-app,default
,mean,0,2026-02-24T03:59:57Z,2026-02-24T05:09:58Z,2026-02-24T04:48:10Z,83.1154587689568,memory,monitoring_cluster,hpa-flask-app,default
,mean,0,2026-02-24T03:59:57Z,2026-02-24T05:09:58Z,2026-02-24T04:48:20Z,83.18305969238281,memory,monitoring_cluster,hpa-flask-app,default
,mean,0,2026-02-24T03:59:57Z,2026-02-24T05:09:58Z,2026-02-24T04:48:30Z,83.70777803308823,memory,monitoring_cluster,hpa-flask-app,default
,mean,0,2026-02-24T03:59:57Z,2026-02-24T05:09:58Z,2026-02-24T04:48:40Z,79.7649637858073,memory,monitoring_cluster,hpa-flask-app,default
,mean,0,2026-02-24T03:59:57Z,2026-02-24T05:09:58Z,2026-02-24T04:48:50Z,84.34844970703125,memory,monitoring_cluster,hpa-flask-app,default
,mean,0,2026-02-24T03:59:57Z,2026-02-24T05:09:58Z,2026-02-24T04:49:00Z,83.206787109375,memory,monitoring_cluster,hpa-flask-app,default
,mean,0,2026-02-24T03:59:57Z,2026-02-24T05:09:58Z,2026-02-24T04:49:10Z,72.38384670681424,memory,monitoring_cluster,hpa-flask-app,default
,mean,0,2026-02-24T03:59:57Z,2026-02-24T05:09:58Z,2026-02-24T04:49:20Z,81.09299603630515,memory,monitoring_cluster,hpa-flask-app,default
,mean,0,2026-02-24T03:59:57Z,2026-02-24T05:09:58Z,2026-02-24T04:49:30Z,83.0163065592448,memory,monitoring_cluster,hpa-flask-app,default
,mean,0,2026-02-24T03:59:57Z,2026-02-24T05:09:58Z,2026-02-24T04:49:40Z,83.15096686868107,memory,monitoring_cluster,hpa-flask-app,default
,mean,0,2026-02-24T03:59:57Z,2026-02-24T05:09:58Z,2026-02-24T04:49:50Z,83.20668538411458,memory,monitoring_cluster,hpa-flask-app,default
,mean,0,2026-02-24T03:59:57Z,2026-02-24T05:09:58Z,2026-02-24T04:50:00Z,83.20949778837316,memory,monitoring_cluster,hpa-flask-app,default
,mean,0,2026-02-24T03:59:57Z,2026-02-24T05:09:58Z,2026-02-24T04:50:10Z,83.15354241265192,memory,monitoring_cluster,hpa-flask-app,default
,mean,0,2026-02-24T03:59:57Z,2026-02-24T05:09:58Z,2026-02-24T04:50:20Z,83.08717515733507,memory,monitoring_cluster,hpa-flask-app,default
,mean,0,2026-02-24T03:59:57Z,2026-02-24T05:09:58Z,2026-02-24T04:50:30Z,83.14056396484375,memory,monitoring_cluster,hpa-flask-app,default
,mean,0,2026-02-24T03:59:57Z,2026-02-24T05:09:58Z,2026-02-24T04:50:40Z,83.22093539767795,memory,monitoring_cluster,hpa-flask-app,default
,mean,0,2026-02-24T03:59:57Z,2026-02-24T05:09:58Z,2026-02-24T04:50:50Z,84.4666035970052,memory,monitoring_cluster,hpa-flask-app,default
,mean,0,2026-02-24T03:59:57Z,2026-02-24T05:09:58Z,2026-02-24T04:51:00Z,85.36305147058823,memory,monitoring_cluster,hpa-flask-app,default
,mean,0,2026-02-24T03:59:57Z,2026-02-24T05:09:58Z,2026-02-24T04:51:10Z,75.32788594563802,memory,monitoring_cluster,hpa-flask-app,default
,mean,0,2026-02-24T03:59:57Z,2026-02-24T05:09:58Z,2026-02-24T04:51:20Z,74.76699829101562,memory,monitoring_cluster,hpa-flask-app,default
,mean,0,2026-02-24T03:59:57Z,2026-02-24T05:09:58Z,2026-02-24T04:51:30Z,83.09450785319011,memory,monitoring_cluster,hpa-flask-app,default
,mean,0,2026-02-24T03:59:57Z,2026-02-24T05:09:58Z,2026-02-24T04:51:40Z,80.10916765998392,memory,monitoring_cluster,hpa-flask-app,default
,mean,0,2026-02-24T03:59:57Z,2026-02-24T05:09:58Z,2026-02-24T04:51:50Z,57.77687496609158,memory,monitoring_cluster,hpa-flask-app,default
,mean,0,2026-02-24T03:59:57Z,2026-02-24T05:09:58Z,2026-02-24T04:52:00Z,83.25991736518012,memory,monitoring_cluster,hpa-flask-app,default
,mean,0,2026-02-24T03:59:57Z,2026-02-24T05:09:58Z,2026-02-24T04:52:10Z,83.20527918198529,memory,monitoring_cluster,hpa-flask-app,default
,mean,0,2026-02-24T03:59:57Z,2026-02-24T05:09:58Z,2026-02-24T04:52:20Z,81.25274658203125,memory,monitoring_cluster,hpa-flask-app,default
,mean,0,2026-02-24T03:59:57Z,2026-02-24T05:09:58Z,2026-02-24T04:52:30Z,79.66891120461857,memory,monitoring_cluster,hpa-flask-app,default
,mean,0,2026-02-24T03:59:57Z,2026-02-24T05:09:58Z,2026-02-24T04:52:40Z,75.53777058919272,memory,monitoring_cluster,hpa-flask-app,default
,mean,0,2026-02-24T03:59:57Z,2026-02-24T05:09:58Z,2026-02-24T04:52:50Z,59.507060331456806,memory,monitoring_cluster,hpa-flask-app,default
,mean,0,2026-02-24T03:59:57Z,2026-02-24T05:09:58Z,2026-02-24T04:53:00Z,81.15398830837674,memory,monitoring_cluster,hpa-flask-app,default
,mean,0,2026-02-24T03:59:57Z,2026-02-24T05:09:58Z,2026-02-24T04:53:10Z,78.8634745279948,memory,monitoring_cluster,hpa-flask-app,default
,mean,0,2026-02-24T03:59:57Z,2026-02-24T05:09:58Z,2026-02-24T04:53:20Z,74.21787037568934,memory,monitoring_cluster,hpa-flask-app,default
,mean,0,2026-02-24T03:59:57Z,2026-02-24T05:09:58Z,2026-02-24T04:53:30Z,77.66854180230035,memory,monitoring_cluster,hpa-flask-app,default
,mean,0,2026-02-24T03:59:57Z,2026-02-24T05:09:58Z,2026-02-24T04:53:40Z,82.28765151079963,memory,monitoring_cluster,hpa-flask-app,default
,mean,0,2026-02-24T03:59:57Z,2026-02-24T05:09:58Z,2026-02-24T04:53:50Z,84.48532104492188,memory,monitoring_cluster,hpa-flask-app,default
,mean,0,2026-02-24T03:59:57Z,2026-02-24T05:09:58Z,2026-02-24T04:54:00Z,83.07773166232639,memory,monitoring_cluster,hpa-flask-app,default
,mean,0,2026-02-24T03:59:57Z,2026-02-24T05:09:58Z,2026-02-24T04:54:10Z,83.01177978515625,memory,monitoring_cluster,hpa-flask-app,default
,mean,0,2026-02-24T03:59:57Z,2026-02-24T05:09:58Z,2026-02-24T04:54:20Z,83.00480312771268,memory,monitoring_cluster,hpa-flask-app,default
,mean,0,2026-02-24T03:59:57Z,2026-02-24T05:09:58Z,2026-02-24T04:54:30Z,82.9901123046875,memory,monitoring_cluster,hpa-flask-app,default
,mean,0,2026-02-24T03:59:57Z,2026-02-24T05:09:58Z,2026-02-24T04:54:40Z,83.1356218126085,memory,monitoring_cluster,hpa-flask-app,default
,mean,0,2026-02-24T03:59:57Z,2026-02-24T05:09:58Z,2026-02-24T04:54:50Z,83.13400268554688,memory,monitoring_cluster,hpa-flask-app,default
,mean,0,2026-02-24T03:59:57Z,2026-02-24T05:09:58Z,2026-02-24T04:55:00Z,83.08595445421007,memory,monitoring_cluster,hpa-flask-app,default
,mean,0,2026-02-24T03:59:57Z,2026-02-24T05:09:58Z,2026-02-24T04:55:10Z,83.08927648207721,memory,monitoring_cluster,hpa-flask-app,default
,mean,0,2026-02-24T03:59:57Z,2026-02-24T05:09:58Z,2026-02-24T04:55:20Z,83.12654283311632,memory,monitoring_cluster,hpa-flask-app,default
,mean,0,2026-02-24T03:59:57Z,2026-02-24T05:09:58Z,2026-02-24T04:55:30Z,83.12243143717448,memory,monitoring_cluster,hpa-flask-app,default
,mean,0,2026-02-24T03:59:57Z,2026-02-24T05:09:58Z,2026-02-24T04:55:40Z,83.19201301125919,memory,monitoring_cluster,hpa-flask-app,default
,mean,0,2026-02-24T03:59:57Z,2026-02-24T05:09:58Z,2026-02-24T04:55:50Z,83.20868598090277,memory,monitoring_cluster,hpa-flask-app,default
,mean,0,2026-02-24T03:59:57Z,2026-02-24T05:09:58Z,2026-02-24T04:56:00Z,83.17138671875,memory,monitoring_cluster,hpa-flask-app,default
,mean,0,2026-02-24T03:59:57Z,2026-02-24T05:09:58Z,2026-02-24T04:56:10Z,83.19036695692274,memory,monitoring_cluster,hpa-flask-app,default
,mean,0,2026-02-24T03:59:57Z,2026-02-24T05:09:58Z,2026-02-24T04:56:20Z,83.2238260904948,memory,monitoring_cluster,hpa-flask-app,default
,mean,0,2026-02-24T03:59:57Z,2026-02-24T05:09:58Z,2026-02-24T04:56:30Z,83.2321974810432,memory,monitoring_cluster,hpa-flask-app,default
,mean,0,2026-02-24T03:59:57Z,2026-02-24T05:09:58Z,2026-02-24T04:56:40Z,83.21695963541667,memory,monitoring_cluster,hpa-flask-app,default
,mean,0,2026-02-24T03:59:57Z,2026-02-24T05:09:58Z,2026-02-24T04:56:50Z,83.19910386029412,memory,monitoring_cluster,hpa-flask-app,default
,mean,0,2026-02-24T03:59:57Z,2026-02-24T05:09:58Z,2026-02-24T04:57:00Z,83.20871988932292,memory,monitoring_cluster,hpa-flask-app,default
,mean,0,2026-02-24T03:59:57Z,2026-02-24T05:09:58Z,2026-02-24T04:57:10Z,83.22318581973805,memory,monitoring_cluster,hpa-flask-app,default
,mean,0,2026-02-24T03:59:57Z,2026-02-24T05:09:58Z,2026-02-24T04:57:20Z,83.19590250651042,memory,monitoring_cluster,hpa-flask-app,default
,mean,0,2026-02-24T03:59:57Z,2026-02-24T05:09:58Z,2026-02-24T04:57:30Z,83.1872049967448,memory,monitoring_cluster,hpa-flask-app,default
,mean,0,2026-02-24T03:59:57Z,2026-02-24T05:09:58Z,2026-02-24T04:57:40Z,75.35589779124541,memory,monitoring_cluster,hpa-flask-app,default
,mean,0,2026-02-24T03:59:57Z,2026-02-24T05:09:58Z,2026-02-24T04:57:50Z,69.13345336914062,memory,monitoring_cluster,hpa-flask-app,default
,mean,0,2026-02-24T03:59:57Z,2026-02-24T05:09:58Z,2026-02-24T04:58:00Z,69.08563950482537,memory,monitoring_cluster,hpa-flask-app,default
,mean,0,2026-02-24T03:59:57Z,2026-02-24T05:09:58Z,2026-02-24T04:58:10Z,75.64548916286893,memory,monitoring_cluster,hpa-flask-app,default
,mean,0,2026-02-24T03:59:57Z,2026-02-24T05:09:58Z,2026-02-24T04:58:20Z,81.52090284559462,memory,monitoring_cluster,hpa-flask-app,default
,mean,0,2026-02-24T03:59:57Z,2026-02-24T05:09:58Z,2026-02-24T04:58:30Z,83.12853644875919,memory,monitoring_cluster,hpa-flask-app,default
,mean,0,2026-02-24T03:59:57Z,2026-02-24T05:09:58Z,2026-02-24T04:58:40Z,83.13129001193576,memory,monitoring_cluster,hpa-flask-app,default
,mean,0,2026-02-24T03:59:57Z,2026-02-24T05:09:58Z,2026-02-24T04:58:50Z,83.12240600585938,memory,monitoring_cluster,hpa-flask-app,default
,mean,0,2026-02-24T03:59:57Z,2026-02-24T05:09:58Z,2026-02-24T04:59:00Z,79.1611819797092,memory,monitoring_cluster,hpa-flask-app,default
,mean,0,2026-02-24T03:59:57Z,2026-02-24T05:09:58Z,2026-02-24T04:59:10Z,68.87811997357537,memory,monitoring_cluster,hpa-flask-app,default
,mean,0,2026-02-24T03:59:57Z,2026-02-24T05:09:58Z,2026-02-24T04:59:20Z,68.82383558485243,memory,monitoring_cluster,hpa-flask-app,default
,mean,0,2026-02-24T03:59:57Z,2026-02-24T05:09:58Z,2026-02-24T04:59:30Z,69.77378845214844,memory,monitoring_cluster,hpa-flask-app,default
,mean,0,2026-02-24T03:59:57Z,2026-02-24T05:09:58Z,2026-02-24T04:59:40Z,28.34632424747243,memory,monitoring_cluster,hpa-flask-app,default
,mean,0,2026-02-24T03:59:57Z,2026-02-24T05:09:58Z,2026-02-24T04:59:50Z,31.941375732421875,memory,monitoring_cluster,hpa-flask-app,default
,mean,0,2026-02-24T03:59:57Z,2026-02-24T05:09:58Z,2026-02-24T05:00:00Z,54.54027063706342,memory,monitoring_cluster,hpa-flask-app,default
,mean,0,2026-02-24T03:59:57Z,2026-02-24T05:09:58Z,2026-02-24T05:00:10Z,35.73420206705729,memory,monitoring_cluster,hpa-flask-app,default
,mean,0,2026-02-24T03:59:57Z,2026-02-24T05:09:58Z,2026-02-24T05:00:20Z,38.87587154612822,memory,monitoring_cluster,hpa-flask-app,default
,mean,0,2026-02-24T03:59:57Z,2026-02-24T05:09:58Z,2026-02-24T05:00:30Z,48.614158630371094,memory,monitoring_cluster,hpa-flask-app,default
,mean,0,2026-02-24T03:59:57Z,2026-02-24T05:09:58Z,2026-02-24T05:00:40Z,57.80546749339384,memory,monitoring_cluster,hpa-flask-app,default
,mean,0,2026-02-24T03:59:57Z,2026-02-24T05:09:58Z,2026-02-24T05:00:50Z,72.34725952148438,memory,monitoring_cluster,hpa-flask-app,default
,mean,0,2026-02-24T03:59:57Z,2026-02-24T05:09:58Z,2026-02-24T05:01:00Z,75.67566765679254,memory,monitoring_cluster,hpa-flask-app,default
,mean,0,2026-02-24T03:59:57Z,2026-02-24T05:09:58Z,2026-02-24T05:01:10Z,77.51791817801339,memory,monitoring_cluster,hpa-flask-app,default
,mean,0,2026-02-24T03:59:57Z,2026-02-24T05:09:58Z,2026-02-24T05:01:20Z,76.47235870361328,memory,monitoring_cluster,hpa-flask-app,default
,mean,0,2026-02-24T03:59:57Z,2026-02-24T05:09:58Z,2026-02-24T05:01:30Z,51.91938273111979,memory,monitoring_cluster,hpa-flask-app,default
,mean,0,2026-02-24T03:59:57Z,2026-02-24T05:09:58Z,2026-02-24T05:01:40Z,0,memory,monitoring_cluster,hpa-flask-app,default
,mean,0,2026-02-24T03:59:57Z,2026-02-24T05:09:58Z,2026-02-24T05:01:50Z,0,memory,monitoring_cluster,hpa-flask-app,default
,mean,0,2026-02-24T03:59:57Z,2026-02-24T05:09:58Z,2026-02-24T05:02:00Z,0,memory,monitoring_cluster,hpa-flask-app,default
,mean,0,2026-02-24T03:59:57Z,2026-02-24T05:09:58Z,2026-02-24T05:02:10Z,0,memory,monitoring_cluster,hpa-flask-app,default
,mean,0,2026-02-24T03:59:57Z,2026-02-24T05:09:58Z,2026-02-24T05:02:20Z,0,memory,monitoring_cluster,hpa-flask-app,default
,mean,0,2026-02-24T03:59:57Z,2026-02-24T05:09:58Z,2026-02-24T05:02:30Z,0,memory,monitoring_cluster,hpa-flask-app,default
,mean,0,2026-02-24T03:59:57Z,2026-02-24T05:09:58Z,2026-02-24T05:02:40Z,41.16635322570801,memory,monitoring_cluster,hpa-flask-app,default
,mean,0,2026-02-24T03:59:57Z,2026-02-24T05:09:58Z,2026-02-24T05:02:50Z,0,memory,monitoring_cluster,hpa-flask-app,default
,mean,0,2026-02-24T03:59:57Z,2026-02-24T05:09:58Z,2026-02-24T05:03:00Z,48.43009499942555,memory,monitoring_cluster,hpa-flask-app,default
,mean,0,2026-02-24T03:59:57Z,2026-02-24T05:09:58Z,2026-02-24T05:03:10Z,82.33367919921875,memory,monitoring_cluster,hpa-flask-app,default
,mean,0,2026-02-24T03:59:57Z,2026-02-24T05:09:58Z,2026-02-24T05:03:20Z,82.33362674713136,memory,monitoring_cluster,hpa-flask-app,default
,mean,0,2026-02-24T03:59:57Z,2026-02-24T05:09:58Z,2026-02-24T05:03:30Z,82.32188056497013,memory,monitoring_cluster,hpa-flask-app,default
,mean,0,2026-02-24T03:59:57Z,2026-02-24T05:09:58Z,2026-02-24T05:03:40Z,82.32569885253906,memory,monitoring_cluster,hpa-flask-app,default
,mean,0,2026-02-24T03:59:57Z,2026-02-24T05:09:58Z,2026-02-24T05:03:50Z,82.32955932617188,memory,monitoring_cluster,hpa-flask-app,default
,mean,0,2026-02-24T03:59:57Z,2026-02-24T05:09:58Z,2026-02-24T05:04:00Z,82.33394622802734,memory,monitoring_cluster,hpa-flask-app,default
,mean,0,2026-02-24T03:59:57Z,2026-02-24T05:09:58Z,2026-02-24T05:04:10Z,82.33572387695312,memory,monitoring_cluster,hpa-flask-app,default
,mean,0,2026-02-24T03:59:57Z,2026-02-24T05:09:58Z,2026-02-24T05:04:20Z,35.28766087123326,memory,monitoring_cluster,hpa-flask-app,default
,mean,0,2026-02-24T03:59:57Z,2026-02-24T05:09:58Z,2026-02-24T05:04:30Z,0,memory,monitoring_cluster,hpa-flask-app,default
,mean,0,2026-02-24T03:59:57Z,2026-02-24T05:09:58Z,2026-02-24T05:04:40Z,0,memory,monitoring_cluster,hpa-flask-app,default
,mean,0,2026-02-24T03:59:57Z,2026-02-24T05:09:58Z,2026-02-24T05:04:50Z,0,memory,monitoring_cluster,hpa-flask-app,default
,mean,0,2026-02-24T03:59:57Z,2026-02-24T05:09:58Z,2026-02-24T05:05:00Z,0,memory,monitoring_cluster,hpa-flask-app,default
,mean,0,2026-02-24T03:59:57Z,2026-02-24T05:09:58Z,2026-02-24T05:05:10Z,0,memory,monitoring_cluster,hpa-flask-app,default
,mean,0,2026-02-24T03:59:57Z,2026-02-24T05:09:58Z,2026-02-24T05:05:20Z,0,memory,monitoring_cluster,hpa-flask-app,default
,mean,0,2026-02-24T03:59:57Z,2026-02-24T05:09:58Z,2026-02-24T05:05:30Z,0,memory,monitoring_cluster,hpa-flask-app,default
,mean,0,2026-02-24T03:59:57Z,2026-02-24T05:09:58Z,2026-02-24T05:05:40Z,0,memory,monitoring_cluster,hpa-flask-app,default
,mean,0,2026-02-24T03:59:57Z,2026-02-24T05:09:58Z,2026-02-24T05:05:50Z,0,memory,monitoring_cluster,hpa-flask-app,default
,mean,0,2026-02-24T03:59:57Z,2026-02-24T05:09:58Z,2026-02-24T05:06:00Z,0,memory,monitoring_cluster,hpa-flask-app,default
,mean,0,2026-02-24T03:59:57Z,2026-02-24T05:09:58Z,2026-02-24T05:06:10Z,0,memory,monitoring_cluster,hpa-flask-app,default
,mean,0,2026-02-24T03:59:57Z,2026-02-24T05:09:58Z,2026-02-24T05:06:20Z,0,memory,monitoring_cluster,hpa-flask-app,default
,mean,0,2026-02-24T03:59:57Z,2026-02-24T05:09:58Z,2026-02-24T05:06:30Z,0,memory,monitoring_cluster,hpa-flask-app,default
,mean,0,2026-02-24T03:59:57Z,2026-02-24T05:09:58Z,2026-02-24T05:06:40Z,0,memory,monitoring_cluster,hpa-flask-app,default
,mean,0,2026-02-24T03:59:57Z,2026-02-24T05:09:58Z,2026-02-24T05:06:50Z,0,memory,monitoring_cluster,hpa-flask-app,default
,mean,0,2026-02-24T03:59:57Z,2026-02-24T05:09:58Z,2026-02-24T05:07:00Z,0,memory,monitoring_cluster,hpa-flask-app,default
,mean,0,2026-02-24T03:59:57Z,2026-02-24T05:09:58Z,2026-02-24T05:07:10Z,0,memory,monitoring_cluster,hpa-flask-app,default
,mean,0,2026-02-24T03:59:57Z,2026-02-24T05:09:58Z,2026-02-24T05:07:20Z,0,memory,monitoring_cluster,hpa-flask-app,default
,mean,0,2026-02-24T03:59:57Z,2026-02-24T05:09:58Z,2026-02-24T05:07:30Z,0,memory,monitoring_cluster,hpa-flask-app,default
,mean,0,2026-02-24T03:59:57Z,2026-02-24T05:09:58Z,2026-02-24T05:07:40Z,0,memory,monitoring_cluster,hpa-flask-app,default
,mean,0,2026-02-24T03:59:57Z,2026-02-24T05:09:58Z,2026-02-24T05:07:50Z,0,memory,monitoring_cluster,hpa-flask-app,default
,mean,0,2026-02-24T03:59:57Z,2026-02-24T05:09:58Z,2026-02-24T05:08:00Z,0,memory,monitoring_cluster,hpa-flask-app,default
,mean,0,2026-02-24T03:59:57Z,2026-02-24T05:09:58Z,2026-02-24T05:08:10Z,0,memory,monitoring_cluster,hpa-flask-app,default
,mean,0,2026-02-24T03:59:57Z,2026-02-24T05:09:58Z,2026-02-24T05:08:20Z,0,memory,monitoring_cluster,hpa-flask-app,default
,mean,0,2026-02-24T03:59:57Z,2026-02-24T05:09:58Z,2026-02-24T05:08:30Z,0,memory,monitoring_cluster,hpa-flask-app,default
,mean,0,2026-02-24T03:59:57Z,2026-02-24T05:09:58Z,2026-02-24T05:08:40Z,0,memory,monitoring_cluster,hpa-flask-app,default
,mean,0,2026-02-24T03:59:57Z,2026-02-24T05:09:58Z,2026-02-24T05:08:50Z,0,memory,monitoring_cluster,hpa-flask-app,default
,mean,0,2026-02-24T03:59:57Z,2026-02-24T05:09:58Z,2026-02-24T05:09:00Z,3.860982259114584,memory,monitoring_cluster,hpa-flask-app,default
,mean,0,2026-02-24T03:59:57Z,2026-02-24T05:09:58Z,2026-02-24T05:09:10Z,6.948297288682726,memory,monitoring_cluster,hpa-flask-app,default
,mean,0,2026-02-24T03:59:57Z,2026-02-24T05:09:58Z,2026-02-24T05:09:20Z,6.946928236219618,memory,monitoring_cluster,hpa-flask-app,default
,mean,0,2026-02-24T03:59:57Z,2026-02-24T05:09:58Z,2026-02-24T05:09:30Z,6.9594621658325195,memory,monitoring_cluster,hpa-flask-app,default
,mean,0,2026-02-24T03:59:57Z,2026-02-24T05:09:58Z,2026-02-24T05:09:40Z,6.962127685546876,memory,monitoring_cluster,hpa-flask-app,default
,mean,0,2026-02-24T03:59:57Z,2026-02-24T05:09:58Z,2026-02-24T05:09:50Z,6.962177052217371,memory,monitoring_cluster,hpa-flask-app,default
,mean,0,2026-02-24T03:59:57Z,2026-02-24T05:09:58Z,2026-02-24T05:09:58Z,6.96380615234375,memory,monitoring_cluster,hpa-flask-app,default

